{
  "hi":"https://github.com/VajiraTech/IZUMI-AUTO-VOICER/raw/main/hi.mp3",
  "mk":"https://github.com/VajiraTech/IZUMI-AUTO-VOICER/raw/main/mk.mp3",
  "gm":"https://github.com/VajiraTech/IZUMI-AUTO-VOICER/raw/main/GM(tbg).mp3",
  "gn":"https://github.com/VajiraTech/IZUMI-AUTO-VOICER/raw/main/Gn(tbg).mp3",
  "hm":"https://github.com/VajiraTech/IZUMI-AUTO-VOICER/raw/main/Hmm(tbg).mp3",
  "oya kawada":"https://github.com/VajiraTech/IZUMI-AUTO-VOICER/raw/main/oya%20kawada.mp3",
  "kawa":"https://github.com/VajiraTech/IZUMI-AUTO-VOICER/raw/main/kawa.mp3",
  "kellek ona":"https://github.com/VajiraTech/IZUMI-AUTO-VOICER/raw/main/kellek%20oni.mp3",
  "puca":"https://github.com/IshaRu0113/My/raw/main/Ai%20pukada%20balanne%20-%20Sinhala%20meme%20sound%20effect.mp3",
  "puka":"https://github.com/IshaRu0113/My/raw/main/Ai%20pukada%20balanne%20-%20Sinhala%20meme%20sound%20effect.mp3",
  "Thanks":"https://github.com/IshaRu0113/My/raw/main/ratata%20sampathak.mp3",
  "Adarei":"https://github.com/ravindu01manoj/Sew-Queen/raw/refs/heads/master/VoiceClip/Adarei.mp3",
  "Adarey":"https://github.com/ravindu01manoj/Sew-Queen/raw/refs/heads/master/VoiceClip/Adarey.mp3",
  "Akke":"https://github.com/ravindu01manoj/Sew-Queen/raw/refs/heads/master/VoiceClip/Akke.mp3",
  "Baba eka":"https://github.com/ravindu01manoj/Sew-Queen/raw/refs/heads/master/VoiceClip/Baba%20eka.mp3",
  "Bye":"https://github.com/ravindu01manoj/Sew-Queen/raw/refs/heads/master/VoiceClip/Bye.mp3",
  "Good night":"https://github.com/ravindu01manoj/Sew-Queen/raw/refs/heads/master/VoiceClip/Good%20night.mp3",
  "Good morning":"https://github.com/ravindu01manoj/Sew-Queen/raw/refs/heads/master/VoiceClip/Good%20morning.mp3",
  "Hmm":"https://github.com/ravindu01manoj/Sew-Queen/raw/refs/heads/master/VoiceClip/Hmm.mp3",
  "Balaganin":"https://github.com/ravindu01manoj/Sew-Queen/raw/refs/heads/master/VoiceClip/Balaganin.mp3",
  "Balagena":"https://github.com/ravindu01manoj/Sew-Queen/raw/refs/heads/master/VoiceClip/Balagena.mp3",
  "Denawada":"https://github.com/ravindu01manoj/Sew-Queen/raw/refs/heads/master/VoiceClip/Denawada.mp3",
  "Enne nane":"https://github.com/ravindu01manoj/Sew-Queen/raw/refs/heads/master/VoiceClip/Enne%20nane.mp3",
  "Ep wel":"https://github.com/ravindu01manoj/Sew-Queen/raw/refs/heads/master/VoiceClip/Ep%20wel.mp3",
  "Epa wela":"https://github.com/ravindu01manoj/Sew-Queen/raw/refs/heads/master/VoiceClip/Epa%20wela.mp3",
  "Fuck":"https://github.com/ravindu01manoj/Sew-Queen/raw/refs/heads/master/VoiceClip/Fuck.mp3",
  "wtf":"https://github.com/ravindu01manoj/Sew-Queen/raw/refs/heads/master/VoiceClip/Fuck.mp33",
  "WTF":"https://github.com/ravindu01manoj/Sew-Queen/raw/refs/heads/master/VoiceClip/Fuck.mp3",
  "Guti":"https://github.com/ravindu01manoj/Sew-Queen/raw/refs/heads/master/VoiceClip/Guti.mp3",
  "Hey":"https://github.com/ravindu01manoj/Sew-Queen/raw/refs/heads/master/VoiceClip/Hey.mp3",
  ".alive":"https://github.com/ravindu01manoj/Sew-Queen/raw/refs/heads/master/VoiceClip/alive.mp3"
}
